-- phpMyAdmin SQL Dump
-- version 4.2.11
-- http://www.phpmyadmin.net
--
-- Host: 127.0.0.1
-- Generation Time: 10 Des 2018 pada 03.25
-- Versi Server: 5.6.21
-- PHP Version: 5.6.3

SET SQL_MODE = "NO_AUTO_VALUE_ON_ZERO";
SET time_zone = "+00:00";


/*!40101 SET @OLD_CHARACTER_SET_CLIENT=@@CHARACTER_SET_CLIENT */;
/*!40101 SET @OLD_CHARACTER_SET_RESULTS=@@CHARACTER_SET_RESULTS */;
/*!40101 SET @OLD_COLLATION_CONNECTION=@@COLLATION_CONNECTION */;
/*!40101 SET NAMES utf8 */;

--
-- Database: `latihansaya`
--

-- --------------------------------------------------------

--
-- Struktur dari tabel `admin`
--

CREATE TABLE IF NOT EXISTS `admin` (
  `username` varchar(50) NOT NULL,
  `nama_admin` varchar(50) NOT NULL,
  `jabatan` varchar(50) NOT NULL,
  `password` varchar(100) NOT NULL,
  `level_admin` varchar(10) NOT NULL,
  `tgl_gabung` varchar(50) NOT NULL,
  `last_login` varchar(50) NOT NULL
) ENGINE=MyISAM DEFAULT CHARSET=latin1;

--
-- Dumping data untuk tabel `admin`
--

INSERT INTO `admin` (`username`, `nama_admin`, `jabatan`, `password`, `level_admin`, `tgl_gabung`, `last_login`) VALUES
('joni', 'Joni Joni', 'Database Designer', 'ffe553694f5096471590343432359e02', 'admin', '2018-09-07', ''),
('marzota', 'Marzota Dwi', 'Web Developer', 'ffe553694f5096471590343432359e02', 'admin', '2018-09-07', ''),
('gundul', 'Si Gundul', 'Co-Founder Software Effort', 'ffe553694f5096471590343432359e02', 'super', '2018-09-07', ''),
('emdeweier', 'Si Jota', 'Founder Software Effort', '3fc44fddce2f58ec26b3871190982993', 'super', '2018-09-07', '2018-09-08 12:46:13');

-- --------------------------------------------------------

--
-- Struktur dari tabel `dataset_proyek`
--

CREATE TABLE IF NOT EXISTS `dataset_proyek` (
`id_dataset` int(11) NOT NULL,
  `id_temp` int(11) NOT NULL,
  `kategori_proyek` varchar(50) NOT NULL,
  `effort_aktual` int(11) NOT NULL,
  `ucp` float NOT NULL
) ENGINE=InnoDB AUTO_INCREMENT=13 DEFAULT CHARSET=latin1;

--
-- Dumping data untuk tabel `dataset_proyek`
--

INSERT INTO `dataset_proyek` (`id_dataset`, `id_temp`, `kategori_proyek`, `effort_aktual`, `ucp`) VALUES
(1, 1, 'Proyek I', 2860, 392),
(2, 1, 'Proyek II', 2176, 189),
(3, 1, 'Proyek III', 2123, 220),
(4, 3, 'Proyek I', 2860, 392),
(5, 3, 'Proyek II', 2176, 189),
(6, 3, 'Proyek III', 2123, 220),
(7, 4, 'Proyek I', 2860, 392),
(8, 4, 'Proyek II', 2176, 189),
(9, 4, 'Proyek III', 2123, 220),
(10, 5, 'Proyek I', 2860, 392),
(11, 5, 'Proyek II', 2176, 189),
(12, 5, 'Proyek III', 2123, 220);

-- --------------------------------------------------------

--
-- Struktur dari tabel `durasi`
--

CREATE TABLE IF NOT EXISTS `durasi` (
`id_durasi` int(11) NOT NULL,
  `id_temp` int(11) NOT NULL,
  `perjam` float NOT NULL,
  `perbulan` float NOT NULL,
  `perminggu` float NOT NULL
) ENGINE=InnoDB AUTO_INCREMENT=2 DEFAULT CHARSET=latin1;

--
-- Dumping data untuk tabel `durasi`
--

INSERT INTO `durasi` (`id_durasi`, `id_temp`, `perjam`, `perbulan`, `perminggu`) VALUES
(1, 4, 18.3632, 0, 0);

-- --------------------------------------------------------

--
-- Struktur dari tabel `ef`
--

CREATE TABLE IF NOT EXISTS `ef` (
`id_ef` int(11) NOT NULL,
  `id_temp` int(11) NOT NULL,
  `e1` varchar(5) DEFAULT NULL,
  `e2` varchar(5) DEFAULT NULL,
  `e3` varchar(5) DEFAULT NULL,
  `e4` varchar(5) DEFAULT NULL,
  `e5` varchar(5) DEFAULT NULL,
  `e6` varchar(5) DEFAULT NULL,
  `e7` varchar(5) DEFAULT NULL,
  `e8` varchar(5) DEFAULT NULL,
  `total` varchar(5) NOT NULL,
  `rumus` varchar(5) NOT NULL COMMENT '1.4 - (0.03 * hasil)'
) ENGINE=InnoDB AUTO_INCREMENT=3 DEFAULT CHARSET=latin1;

--
-- Dumping data untuk tabel `ef`
--

INSERT INTO `ef` (`id_ef`, `id_temp`, `e1`, `e2`, `e3`, `e4`, `e5`, `e6`, `e7`, `e8`, `total`, `rumus`) VALUES
(1, 3, '0.150', '0.1', '0.1', '0.1', '0.3', '0.8', '-0.4', '-0.6', '0.6', '1.383'),
(2, 4, '1.5', '0.1', '0.1', '0.1', '0.4', '2', '-0.8', '-0.6', '2.8', '1.316');

-- --------------------------------------------------------

--
-- Struktur dari tabel `gaji`
--

CREATE TABLE IF NOT EXISTS `gaji` (
  `id_gaji` int(11) NOT NULL,
  `id_temp` int(11) NOT NULL,
  `total_qty` int(11) NOT NULL,
  `total_jam_hari` int(11) NOT NULL,
  `total_jam_minggu` int(11) NOT NULL,
  `total_total_jam` int(11) NOT NULL,
  `total_gaji_perjam` int(11) NOT NULL,
  `total_gaji` int(11) NOT NULL
) ENGINE=InnoDB DEFAULT CHARSET=latin1;

-- --------------------------------------------------------

--
-- Struktur dari tabel `jabatan`
--

CREATE TABLE IF NOT EXISTS `jabatan` (
`id_jabatan` int(11) NOT NULL,
  `id_temp` int(11) NOT NULL,
  `id_gaji` int(11) NOT NULL,
  `jabatan` varchar(20) NOT NULL,
  `qty` int(11) NOT NULL,
  `jml_hari` int(11) NOT NULL,
  `jam_hari` int(11) NOT NULL,
  `jam_minggu` int(11) NOT NULL,
  `total_jam` int(11) NOT NULL,
  `gaji_perjam` int(11) NOT NULL,
  `gaji` int(11) NOT NULL,
  `gaji_perorang` int(11) NOT NULL
) ENGINE=InnoDB AUTO_INCREMENT=4 DEFAULT CHARSET=latin1;

--
-- Dumping data untuk tabel `jabatan`
--

INSERT INTO `jabatan` (`id_jabatan`, `id_temp`, `id_gaji`, `jabatan`, `qty`, `jml_hari`, `jam_hari`, `jam_minggu`, `total_jam`, `gaji_perjam`, `gaji`, `gaji_perorang`) VALUES
(1, 3, 1, 'Programmer', 0, 0, 0, 0, 0, 0, 0, 0),
(2, 3, 1, '', 0, 0, 0, 0, 0, 0, 0, 0),
(3, 3, 1, '', 0, 0, 0, 0, 0, 0, 0, 0);

-- --------------------------------------------------------

--
-- Struktur dari tabel `klasifikasi_fucp`
--

CREATE TABLE IF NOT EXISTS `klasifikasi_fucp` (
`id_klasifikasi` int(11) NOT NULL,
  `jml_transaksi` int(11) NOT NULL,
  `nilai_metodeucp` int(11) NOT NULL,
  `nilai_metodefucp` float NOT NULL
) ENGINE=InnoDB AUTO_INCREMENT=13 DEFAULT CHARSET=latin1;

--
-- Dumping data untuk tabel `klasifikasi_fucp`
--

INSERT INTO `klasifikasi_fucp` (`id_klasifikasi`, `jml_transaksi`, `nilai_metodeucp`, `nilai_metodefucp`) VALUES
(1, 1, 5, 5),
(2, 2, 5, 5),
(3, 3, 5, 6.45),
(4, 4, 10, 7.5),
(5, 5, 10, 8.55),
(6, 6, 10, 10),
(7, 7, 10, 11.4),
(8, 8, 15, 12.5),
(9, 9, 15, 13.6),
(10, 10, 15, 15),
(11, 11, 15, 15),
(12, 12, 15, 15);

-- --------------------------------------------------------

--
-- Struktur dari tabel `pengguna`
--

CREATE TABLE IF NOT EXISTS `pengguna` (
  `id_pengguna` varchar(50) NOT NULL,
  `nama_pengguna` varchar(20) NOT NULL,
  `tgl_join` varchar(50) NOT NULL
) ENGINE=MyISAM DEFAULT CHARSET=latin1;

--
-- Dumping data untuk tabel `pengguna`
--

INSERT INTO `pengguna` (`id_pengguna`, `nama_pengguna`, `tgl_join`) VALUES
('1500018003', 'Marzota Dwi', '2018-10-29');

-- --------------------------------------------------------

--
-- Struktur dari tabel `proyek_lama`
--

CREATE TABLE IF NOT EXISTS `proyek_lama` (
  `kode_proyek` int(11) NOT NULL,
  `nama_proyek` varchar(50) NOT NULL,
  `effort_aktual` float NOT NULL,
  `ucp` float NOT NULL
) ENGINE=MyISAM DEFAULT CHARSET=latin1;

-- --------------------------------------------------------

--
-- Struktur dari tabel `rentang`
--

CREATE TABLE IF NOT EXISTS `rentang` (
`id_rentang` int(11) NOT NULL,
  `rentang1` float NOT NULL,
  `rentang2` float NOT NULL,
  `keterangan` varchar(50) NOT NULL
) ENGINE=InnoDB AUTO_INCREMENT=6 DEFAULT CHARSET=latin1;

--
-- Dumping data untuk tabel `rentang`
--

INSERT INTO `rentang` (`id_rentang`, `rentang1`, `rentang2`, `keterangan`) VALUES
(1, 0, 0.199, 'Korelasi sangat lemah'),
(2, 0.2, 0.399, 'Korelasi lemah'),
(3, 0.4, 0.599, 'Korelasi sedang'),
(4, 0.6, 0.799, 'Korelasi kuat'),
(5, 0.8, 1, 'Korelasi sangat kuat');

-- --------------------------------------------------------

--
-- Struktur dari tabel `setting_value`
--

CREATE TABLE IF NOT EXISTS `setting_value` (
`id_setting` int(11) NOT NULL,
  `effort_rate` int(11) NOT NULL
) ENGINE=MyISAM AUTO_INCREMENT=2 DEFAULT CHARSET=latin1;

--
-- Dumping data untuk tabel `setting_value`
--

INSERT INTO `setting_value` (`id_setting`, `effort_rate`) VALUES
(1, 20);

-- --------------------------------------------------------

--
-- Struktur dari tabel `sub_uucw`
--

CREATE TABLE IF NOT EXISTS `sub_uucw` (
`id_sub_uucw` int(11) NOT NULL,
  `id_uucw` int(11) NOT NULL,
  `use_case` varchar(100) NOT NULL,
  `transaksi` int(11) NOT NULL
) ENGINE=InnoDB AUTO_INCREMENT=5 DEFAULT CHARSET=latin1;

--
-- Dumping data untuk tabel `sub_uucw`
--

INSERT INTO `sub_uucw` (`id_sub_uucw`, `id_uucw`, `use_case`, `transaksi`) VALUES
(1, 1, 'Use Case 1', 2),
(2, 1, 'Use Case 1', 2),
(3, 2, 'Use Case 1', 1),
(4, 3, 'Use Case 1', 1);

-- --------------------------------------------------------

--
-- Struktur dari tabel `tabel_p_value`
--

CREATE TABLE IF NOT EXISTS `tabel_p_value` (
`id_p_value` int(11) NOT NULL,
  `p` float NOT NULL,
  `nilai_p` float NOT NULL,
  `n_sampel` int(11) NOT NULL
) ENGINE=InnoDB AUTO_INCREMENT=433 DEFAULT CHARSET=latin1;

--
-- Dumping data untuk tabel `tabel_p_value`
--

INSERT INTO `tabel_p_value` (`id_p_value`, `p`, `nilai_p`, `n_sampel`) VALUES
(1, 0.01, 0.753, 3),
(2, 0.02, 0.756, 3),
(3, 0.05, 0.767, 3),
(4, 0.1, 0.789, 3),
(5, 0.5, 0.959, 3),
(6, 0.9, 0.998, 3),
(7, 0.95, 0.999, 3),
(8, 0.98, 1, 3),
(9, 0.99, 1, 3),
(10, 0.01, 0.687, 4),
(11, 0.02, 0.707, 4),
(12, 0.05, 0.748, 4),
(13, 0.1, 0.792, 4),
(14, 0.5, 0.935, 4),
(15, 0.9, 0.987, 4),
(16, 0.95, 0.992, 4),
(17, 0.98, 0.996, 4),
(18, 0.99, 0.997, 4),
(19, 0.01, 0.686, 5),
(20, 0.02, 0.715, 5),
(21, 0.05, 0.762, 5),
(22, 0.1, 0.806, 5),
(23, 0.5, 0.927, 5),
(24, 0.9, 0.979, 5),
(25, 0.95, 0.986, 5),
(26, 0.98, 0.991, 5),
(27, 0.99, 0.993, 5),
(28, 0.01, 0.713, 6),
(29, 0.02, 0.743, 6),
(30, 0.05, 0.788, 6),
(31, 0.1, 0.826, 6),
(32, 0.5, 0.927, 6),
(33, 0.9, 0.974, 6),
(34, 0.95, 0.981, 6),
(35, 0.98, 0.986, 6),
(36, 0.99, 0.989, 6),
(37, 0.01, 0.73, 7),
(38, 0.02, 0.76, 7),
(39, 0.05, 0.803, 7),
(40, 0.1, 0.838, 7),
(41, 0.5, 0.928, 7),
(42, 0.9, 0.972, 7),
(43, 0.95, 0.979, 7),
(44, 0.98, 0.985, 7),
(45, 0.99, 0.988, 7),
(46, 0.01, 0.749, 8),
(47, 0.02, 0.778, 8),
(48, 0.05, 0.818, 8),
(49, 0.1, 0.851, 8),
(50, 0.5, 0.932, 8),
(51, 0.9, 0.972, 8),
(52, 0.95, 0.978, 8),
(53, 0.98, 0.984, 8),
(54, 0.99, 0.987, 8),
(55, 0.01, 0.764, 9),
(56, 0.02, 0.791, 9),
(57, 0.05, 0.829, 9),
(58, 0.1, 0.859, 9),
(59, 0.5, 0.935, 9),
(60, 0.9, 0.972, 9),
(61, 0.95, 0.978, 9),
(62, 0.98, 0.984, 9),
(63, 0.99, 0.986, 9),
(64, 0.01, 0.781, 10),
(65, 0.02, 0.806, 10),
(66, 0.05, 0.842, 10),
(67, 0.1, 0.869, 10),
(68, 0.5, 0.938, 10),
(69, 0.9, 0.972, 10),
(70, 0.95, 0.978, 10),
(71, 0.98, 0.983, 10),
(72, 0.99, 0.986, 10),
(73, 0.01, 0.792, 11),
(74, 0.02, 0.817, 11),
(75, 0.05, 0.85, 11),
(76, 0.1, 0.876, 11),
(77, 0.5, 0.94, 11),
(78, 0.9, 0.973, 11),
(79, 0.95, 0.979, 11),
(80, 0.98, 0.984, 11),
(81, 0.99, 0.986, 11),
(82, 0.01, 0.805, 12),
(83, 0.02, 0.828, 12),
(84, 0.05, 0.859, 12),
(85, 0.1, 0.883, 12),
(86, 0.5, 0.943, 12),
(87, 0.9, 0.973, 12),
(88, 0.95, 0.979, 12),
(89, 0.98, 0.984, 12),
(90, 0.99, 0.986, 12),
(91, 0.01, 0.814, 13),
(92, 0.02, 0.837, 13),
(93, 0.05, 0.866, 13),
(94, 0.1, 0.889, 13),
(95, 0.5, 0.846, 13),
(96, 0.9, 0.874, 13),
(97, 0.95, 0.979, 13),
(98, 0.98, 0.984, 13),
(99, 0.99, 0.986, 13),
(100, 0.01, 0.825, 14),
(101, 0.02, 0.846, 14),
(102, 0.05, 0.874, 14),
(103, 0.1, 0.895, 14),
(104, 0.5, 0.947, 14),
(105, 0.9, 0.975, 14),
(106, 0.95, 0.98, 14),
(107, 0.98, 0.984, 14),
(108, 0.99, 0.986, 14),
(109, 0.01, 0.835, 15),
(110, 0.02, 0.855, 15),
(111, 0.05, 0.881, 15),
(112, 0.1, 0.901, 15),
(113, 0.5, 0.95, 15),
(114, 0.9, 0.975, 15),
(115, 0.95, 0.98, 15),
(116, 0.98, 0.984, 15),
(117, 0.99, 0.987, 15),
(118, 0.01, 0.844, 16),
(119, 0.02, 0.863, 16),
(120, 0.05, 0.887, 16),
(121, 0.1, 0.906, 16),
(122, 0.5, 0.952, 16),
(123, 0.9, 0.976, 16),
(124, 0.95, 0.98, 16),
(125, 0.98, 0.985, 16),
(126, 0.99, 0.987, 16),
(127, 0.01, 0.851, 17),
(128, 0.02, 0.869, 17),
(129, 0.05, 0.892, 17),
(130, 0.1, 0.91, 17),
(131, 0.5, 0.954, 17),
(132, 0.9, 0.977, 17),
(133, 0.95, 0.981, 17),
(134, 0.98, 0.985, 17),
(135, 0.99, 0.987, 17),
(136, 0.01, 0.858, 18),
(137, 0.02, 0.874, 18),
(138, 0.05, 0.897, 18),
(139, 0.1, 0.914, 18),
(140, 0.5, 0.956, 18),
(141, 0.9, 0.978, 18),
(142, 0.95, 0.982, 18),
(143, 0.98, 0.986, 18),
(144, 0.99, 0.988, 18),
(145, 0.01, 0.863, 19),
(146, 0.02, 0.879, 19),
(147, 0.05, 0.901, 19),
(148, 0.1, 0.917, 19),
(149, 0.5, 0.957, 19),
(150, 0.9, 0.978, 19),
(151, 0.95, 0.982, 19),
(152, 0.98, 0.986, 19),
(153, 0.99, 0.988, 19),
(154, 0.01, 0.868, 20),
(155, 0.02, 0.884, 20),
(156, 0.05, 0.905, 20),
(157, 0.1, 0.92, 20),
(158, 0.5, 0.959, 20),
(159, 0.9, 0.979, 20),
(160, 0.95, 0.983, 20),
(161, 0.98, 0.986, 20),
(162, 0.99, 0.988, 20),
(163, 0.01, 0.873, 21),
(164, 0.02, 0.888, 21),
(165, 0.05, 0.908, 21),
(166, 0.1, 0.923, 21),
(167, 0.5, 0.96, 21),
(168, 0.9, 0.98, 21),
(169, 0.95, 0.983, 21),
(170, 0.98, 0.987, 21),
(171, 0.99, 0.989, 21),
(172, 0.01, 0.878, 22),
(173, 0.02, 0.892, 22),
(174, 0.05, 0.911, 22),
(175, 0.1, 0.926, 22),
(176, 0.5, 0.961, 22),
(177, 0.9, 0.98, 22),
(178, 0.95, 0.984, 22),
(179, 0.98, 0.987, 22),
(180, 0.99, 0.989, 22),
(181, 0.01, 0.881, 23),
(182, 0.02, 0.895, 23),
(183, 0.05, 0.914, 23),
(184, 0.1, 0.928, 23),
(185, 0.5, 0.962, 23),
(186, 0.9, 0.981, 23),
(187, 0.95, 0.984, 23),
(188, 0.98, 0.987, 23),
(189, 0.99, 0.989, 23),
(190, 0.01, 0.884, 24),
(191, 0.02, 0.898, 24),
(192, 0.05, 0.916, 24),
(193, 0.1, 0.93, 24),
(194, 0.5, 0.963, 24),
(195, 0.9, 0.981, 24),
(196, 0.95, 0.984, 24),
(197, 0.98, 0.987, 24),
(198, 0.99, 0.989, 24),
(199, 0.01, 0.888, 25),
(200, 0.02, 0.901, 25),
(201, 0.05, 0.918, 25),
(202, 0.1, 0.931, 25),
(203, 0.5, 0.964, 25),
(204, 0.9, 0.981, 25),
(205, 0.95, 0.985, 25),
(206, 0.98, 0.988, 25),
(207, 0.99, 0.989, 25),
(208, 0.01, 0.891, 26),
(209, 0.02, 0.904, 26),
(210, 0.05, 0.92, 26),
(211, 0.1, 0.933, 26),
(212, 0.5, 0.965, 26),
(213, 0.9, 0.982, 26),
(214, 0.95, 0.985, 26),
(215, 0.98, 0.988, 26),
(216, 0.99, 0.989, 26),
(217, 0.01, 0.894, 27),
(218, 0.02, 0.906, 27),
(219, 0.05, 0.923, 27),
(220, 0.1, 0.935, 27),
(221, 0.5, 0.965, 27),
(222, 0.9, 0.982, 27),
(223, 0.95, 0.985, 27),
(224, 0.98, 0.988, 27),
(225, 0.99, 0.99, 27),
(226, 0.01, 0.896, 28),
(227, 0.02, 0.908, 28),
(228, 0.05, 0.924, 28),
(229, 0.1, 0.936, 28),
(230, 0.5, 0.966, 28),
(231, 0.9, 0.982, 28),
(232, 0.95, 0.985, 28),
(233, 0.98, 0.988, 28),
(234, 0.99, 0.99, 28),
(235, 0.01, 0.898, 29),
(236, 0.02, 0.91, 29),
(237, 0.05, 0.926, 29),
(238, 0.1, 0.937, 29),
(239, 0.5, 0.966, 29),
(240, 0.9, 0.982, 29),
(241, 0.95, 0.985, 29),
(242, 0.98, 0.988, 29),
(243, 0.99, 0.99, 29),
(244, 0.01, 0.9, 30),
(245, 0.02, 0.912, 30),
(246, 0.05, 0.927, 30),
(247, 0.1, 0.939, 30),
(248, 0.5, 0.967, 30),
(249, 0.9, 0.983, 30),
(250, 0.95, 0.985, 30),
(251, 0.98, 0.988, 30),
(252, 0.99, 0.99, 30),
(253, 0.01, 0.902, 31),
(254, 0.02, 0.914, 31),
(255, 0.05, 0.929, 31),
(256, 0.1, 0.94, 31),
(257, 0.5, 0.967, 31),
(258, 0.9, 0.983, 31),
(259, 0.95, 0.986, 31),
(260, 0.98, 0.988, 31),
(261, 0.99, 0.99, 31),
(262, 0.01, 0.904, 32),
(263, 0.02, 0.915, 32),
(264, 0.05, 0.93, 32),
(265, 0.1, 0.941, 32),
(266, 0.5, 0.968, 32),
(267, 0.9, 0.983, 32),
(268, 0.95, 0.986, 32),
(269, 0.98, 0.988, 32),
(270, 0.99, 0.99, 32),
(271, 0.01, 0.906, 33),
(272, 0.02, 0.917, 33),
(273, 0.05, 0.931, 33),
(274, 0.1, 0.942, 33),
(275, 0.5, 0.968, 33),
(276, 0.9, 0.983, 33),
(277, 0.95, 0.986, 33),
(278, 0.98, 0.989, 33),
(279, 0.99, 0.99, 33),
(280, 0.01, 0.908, 34),
(281, 0.02, 0.919, 34),
(282, 0.05, 0.933, 34),
(283, 0.1, 0.943, 34),
(284, 0.5, 0.969, 34),
(285, 0.9, 0.983, 34),
(286, 0.95, 0.986, 34),
(287, 0.98, 0.989, 34),
(288, 0.99, 0.99, 34),
(289, 0.01, 0.91, 35),
(290, 0.02, 0.92, 35),
(291, 0.05, 0.934, 35),
(292, 0.1, 0.944, 35),
(293, 0.5, 0.969, 35),
(294, 0.9, 0.984, 35),
(295, 0.95, 0.986, 35),
(296, 0.98, 0.989, 35),
(297, 0.99, 0.99, 35),
(298, 0.01, 0.912, 36),
(299, 0.02, 0.922, 36),
(300, 0.05, 0.935, 36),
(301, 0.1, 0.945, 36),
(302, 0.5, 0.97, 36),
(303, 0.9, 0.984, 36),
(304, 0.95, 0.986, 36),
(305, 0.98, 0.989, 36),
(306, 0.99, 0.99, 36),
(307, 0.01, 0.914, 37),
(308, 0.02, 0.924, 37),
(309, 0.05, 0.936, 37),
(310, 0.1, 0.946, 37),
(311, 0.5, 0.97, 37),
(312, 0.9, 0.984, 37),
(313, 0.95, 0.987, 37),
(314, 0.98, 0.989, 37),
(315, 0.99, 0.99, 37),
(316, 0.01, 0.916, 38),
(317, 0.02, 0.925, 38),
(318, 0.05, 0.938, 38),
(319, 0.1, 0.947, 38),
(320, 0.5, 0.971, 38),
(321, 0.9, 0.984, 38),
(322, 0.95, 0.987, 38),
(323, 0.98, 0.989, 38),
(324, 0.99, 0.99, 38),
(325, 0.01, 0.917, 39),
(326, 0.02, 0.927, 39),
(327, 0.05, 0.939, 39),
(328, 0.1, 0.948, 39),
(329, 0.5, 0.71, 39),
(330, 0.9, 0.984, 39),
(331, 0.95, 0.987, 39),
(332, 0.98, 0.989, 39),
(333, 0.99, 0.991, 39),
(334, 0.01, 0.919, 40),
(335, 0.02, 0.928, 40),
(336, 0.05, 0.94, 40),
(337, 0.1, 0.949, 40),
(338, 0.5, 0.972, 40),
(339, 0.9, 0.985, 40),
(340, 0.95, 0.987, 40),
(341, 0.98, 0.989, 40),
(342, 0.99, 0.991, 40),
(343, 0.01, 0.92, 41),
(344, 0.02, 0.929, 41),
(345, 0.05, 0.941, 41),
(346, 0.1, 0.95, 41),
(347, 0.5, 0.972, 41),
(348, 0.9, 0.985, 41),
(349, 0.95, 0.987, 41),
(350, 0.98, 0.989, 41),
(351, 0.99, 0.991, 41),
(352, 0.01, 0.922, 42),
(353, 0.02, 0.93, 42),
(354, 0.05, 0.942, 42),
(355, 0.1, 0.951, 42),
(356, 0.5, 0.972, 42),
(357, 0.9, 0.985, 42),
(358, 0.95, 0.987, 42),
(359, 0.98, 0.989, 42),
(360, 0.99, 0.991, 42),
(361, 0.01, 0.923, 43),
(362, 0.02, 0.932, 43),
(363, 0.05, 0.943, 43),
(364, 0.1, 0.951, 43),
(365, 0.5, 0.973, 43),
(366, 0.9, 0.985, 43),
(367, 0.95, 0.987, 43),
(368, 0.98, 0.99, 43),
(369, 0.99, 0.991, 43),
(370, 0.01, 0.924, 44),
(371, 0.02, 0.933, 44),
(372, 0.05, 0.944, 44),
(373, 0.1, 0.952, 44),
(374, 0.5, 0.973, 44),
(375, 0.9, 0.985, 44),
(376, 0.95, 0.987, 44),
(377, 0.98, 0.99, 44),
(378, 0.99, 0.991, 44),
(379, 0.01, 0.926, 45),
(380, 0.02, 0.934, 45),
(381, 0.05, 0.945, 45),
(382, 0.1, 0.953, 45),
(383, 0.5, 0.973, 45),
(384, 0.9, 0.985, 45),
(385, 0.95, 0.988, 45),
(386, 0.98, 0.99, 45),
(387, 0.99, 0.991, 45),
(388, 0.01, 0.927, 46),
(389, 0.02, 0.935, 46),
(390, 0.05, 0.945, 46),
(391, 0.1, 0.953, 46),
(392, 0.5, 0.974, 46),
(393, 0.9, 0.985, 46),
(394, 0.95, 0.988, 46),
(395, 0.98, 0.99, 46),
(396, 0.99, 0.991, 46),
(397, 0.01, 0.928, 47),
(398, 0.02, 0.936, 47),
(399, 0.05, 0.946, 47),
(400, 0.1, 0.954, 47),
(401, 0.5, 0.974, 47),
(402, 0.9, 0.985, 47),
(403, 0.95, 0.988, 47),
(404, 0.98, 0.99, 47),
(405, 0.99, 0.991, 47),
(406, 0.01, 0.929, 48),
(407, 0.02, 0.937, 48),
(408, 0.05, 0.947, 48),
(409, 0.1, 0.954, 48),
(410, 0.5, 0.974, 48),
(411, 0.9, 0.985, 48),
(412, 0.95, 0.988, 48),
(413, 0.98, 0.99, 48),
(414, 0.99, 0.991, 48),
(415, 0.01, 0.929, 49),
(416, 0.02, 0.939, 49),
(417, 0.05, 0.947, 49),
(418, 0.1, 0.955, 49),
(419, 0.5, 0.974, 49),
(420, 0.9, 0.985, 49),
(421, 0.95, 0.988, 49),
(422, 0.98, 0.99, 49),
(423, 0.99, 0.991, 49),
(424, 0.01, 0.93, 50),
(425, 0.02, 0.938, 50),
(426, 0.05, 0.947, 50),
(427, 0.1, 0.955, 50),
(428, 0.5, 0.974, 50),
(429, 0.9, 0.985, 50),
(430, 0.95, 0.988, 50),
(431, 0.98, 0.99, 50),
(432, 0.99, 0.991, 50);

-- --------------------------------------------------------

--
-- Struktur dari tabel `tabel_saphiro`
--

CREATE TABLE IF NOT EXISTS `tabel_saphiro` (
`id_saphiro` int(11) NOT NULL,
  `a` varchar(5) NOT NULL,
  `nilai_a` float NOT NULL,
  `n_sampel` int(11) NOT NULL
) ENGINE=InnoDB AUTO_INCREMENT=640 DEFAULT CHARSET=latin1;

--
-- Dumping data untuk tabel `tabel_saphiro`
--

INSERT INTO `tabel_saphiro` (`id_saphiro`, `a`, `nilai_a`, `n_sampel`) VALUES
(1, 'a1', 0.7071, 2),
(2, 'a1', 0.7071, 3),
(3, 'a1', 0.6872, 4),
(4, 'a2', 0.1677, 4),
(5, 'a1', 0.6646, 5),
(6, 'a2', 0.2413, 5),
(7, 'a1', 0.6431, 6),
(8, 'a2', 0.2806, 6),
(9, 'a3', 0.0875, 6),
(10, 'a1', 0.6233, 7),
(11, 'a2', 0.3031, 7),
(12, 'a3', 0.1401, 7),
(13, 'a1', 0.6052, 8),
(14, 'a2', 0.3164, 8),
(15, 'a3', 0.1743, 8),
(16, 'a4', 0.0561, 8),
(17, 'a1', 0.5888, 9),
(18, 'a2', 0.3244, 9),
(19, 'a3', 0.1976, 9),
(20, 'a4', 0.0947, 9),
(21, 'a1', 0.5739, 10),
(22, 'a2', 0.3291, 10),
(23, 'a3', 0.2141, 10),
(24, 'a4', 0.1224, 10),
(25, 'a5', 0.0399, 10),
(26, 'a1', 0.5601, 11),
(27, 'a2', 0.3315, 11),
(28, 'a3', 0.226, 11),
(29, 'a4', 0.1429, 11),
(30, 'a5', 0.0695, 11),
(31, 'a1', 0.5475, 12),
(32, 'a2', 0.3325, 12),
(33, 'a3', 0.2347, 12),
(34, 'a4', 0.1586, 12),
(35, 'a5', 0.0922, 12),
(36, 'a6', 0.0303, 12),
(37, 'a1', 0.5359, 13),
(38, 'a2', 0.3325, 13),
(39, 'a3', 0.2412, 13),
(40, 'a4', 0.1707, 13),
(41, 'a5', 0.1099, 13),
(42, 'a6', 0.0539, 13),
(43, 'a1', 0.5251, 14),
(44, 'a2', 0.3318, 14),
(45, 'a3', 0.246, 14),
(46, 'a4', 0.1802, 14),
(47, 'a5', 0.124, 14),
(48, 'a6', 0.0727, 14),
(49, 'a7', 0.024, 14),
(50, 'a1', 0.515, 15),
(51, 'a2', 0.3306, 15),
(52, 'a3', 0.2495, 15),
(53, 'a4', 0.1878, 15),
(54, 'a5', 0.1353, 15),
(55, 'a6', 0.088, 15),
(56, 'a7', 0.0433, 15),
(57, 'a1', 0.5056, 16),
(58, 'a2', 0.329, 16),
(59, 'a3', 0.2521, 16),
(60, 'a4', 0.1939, 16),
(61, 'a5', 0.1447, 16),
(62, 'a6', 0.1005, 16),
(63, 'a7', 0.0593, 16),
(64, 'a8', 0.0196, 16),
(65, 'a1', 0.4968, 17),
(66, 'a2', 0.3273, 17),
(67, 'a3', 0.254, 17),
(68, 'a4', 0.1988, 17),
(69, 'a5', 0.1524, 17),
(70, 'a6', 0.1109, 17),
(71, 'a7', 0.0725, 17),
(72, 'a8', 0.0359, 17),
(73, 'a1', 0.4886, 18),
(74, 'a2', 0.3253, 18),
(75, 'a3', 0.2553, 18),
(76, 'a4', 0.2027, 18),
(77, 'a5', 0.1587, 18),
(78, 'a6', 0.1197, 18),
(79, 'a7', 0.0837, 18),
(80, 'a8', 0.0496, 18),
(81, 'a9', 0.0163, 18),
(82, 'a1', 0.4808, 19),
(83, 'a2', 0.3232, 19),
(84, 'a3', 0.2561, 19),
(85, 'a4', 0.2059, 19),
(86, 'a5', 0.1641, 19),
(87, 'a6', 0.1271, 19),
(88, 'a7', 0.0932, 19),
(89, 'a8', 0.0612, 19),
(90, 'a9', 0.0303, 19),
(91, 'a1', 0.4734, 20),
(92, 'a2', 0.3211, 20),
(93, 'a3', 0.2565, 20),
(94, 'a4', 0.2085, 20),
(95, 'a5', 0.1686, 20),
(96, 'a6', 0.1334, 20),
(97, 'a7', 0.1013, 20),
(98, 'a8', 0.0711, 20),
(99, 'a9', 0.0422, 20),
(100, 'a10', 0.014, 20),
(101, 'a1', 0.4643, 21),
(102, 'a2', 0.3185, 21),
(103, 'a3', 0.2578, 21),
(104, 'a4', 0.2119, 21),
(105, 'a5', 0.1736, 21),
(106, 'a6', 0.1399, 21),
(107, 'a7', 0.1092, 21),
(108, 'a8', 0.0804, 21),
(109, 'a9', 0.053, 21),
(110, 'a10', 0.0263, 21),
(111, 'a1', 0.459, 22),
(112, 'a2', 0.3156, 22),
(113, 'a3', 0.2571, 22),
(114, 'a4', 0.2131, 22),
(115, 'a5', 0.1764, 22),
(116, 'a6', 0.1443, 22),
(117, 'a7', 0.115, 22),
(118, 'a8', 0.0878, 22),
(119, 'a9', 0.0618, 22),
(120, 'a10', 0.0368, 22),
(121, 'a11', 0.0122, 22),
(122, 'a1', 0.4542, 23),
(123, 'a2', 0.3126, 23),
(124, 'a3', 0.2563, 23),
(125, 'a4', 0.2139, 23),
(126, 'a5', 0.1787, 23),
(127, 'a6', 0.148, 23),
(128, 'a7', 0.1201, 23),
(129, 'a8', 0.0941, 23),
(130, 'a9', 0.0696, 23),
(131, 'a10', 0.0459, 23),
(132, 'a11', 0.0228, 23),
(133, 'a12', 0, 23),
(134, 'a1', 0.4493, 24),
(135, 'a2', 0.3098, 24),
(136, 'a3', 0.2554, 24),
(137, 'a4', 0.2145, 24),
(138, 'a5', 0.1807, 24),
(139, 'a6', 0.1512, 24),
(140, 'a7', 0.1245, 24),
(141, 'a8', 0.0997, 24),
(142, 'a9', 0.0764, 24),
(143, 'a10', 0.0539, 24),
(144, 'a11', 0.0321, 24),
(145, 'a12', 0.0107, 24),
(146, 'a1', 0.445, 25),
(147, 'a2', 0.3069, 25),
(148, 'a3', 0.2543, 25),
(149, 'a4', 0.2148, 25),
(150, 'a5', 0.1822, 25),
(151, 'a6', 0.1539, 25),
(152, 'a7', 0.1283, 25),
(153, 'a8', 0.1046, 25),
(154, 'a9', 0.0823, 25),
(155, 'a10', 0.061, 25),
(156, 'a11', 0.0403, 25),
(157, 'a12', 0.02, 25),
(158, 'a13', 0, 25),
(159, 'a1', 0.4407, 26),
(160, 'a2', 0.3043, 26),
(161, 'a3', 0.2533, 26),
(162, 'a4', 0.2151, 26),
(163, 'a5', 0.1836, 26),
(164, 'a6', 0.1563, 26),
(165, 'a7', 0.1316, 26),
(166, 'a8', 0.1089, 26),
(167, 'a9', 0.0876, 26),
(168, 'a10', 0.0672, 26),
(169, 'a11', 0.0476, 26),
(170, 'a12', 0.0284, 26),
(171, 'a13', 0.0094, 26),
(172, 'a1', 0.4366, 27),
(173, 'a2', 0.3018, 27),
(174, 'a3', 0.2522, 27),
(175, 'a4', 0.2152, 27),
(176, 'a5', 0.1848, 27),
(177, 'a6', 0.1584, 27),
(178, 'a7', 0.1346, 27),
(179, 'a8', 0.1128, 27),
(180, 'a9', 0.0923, 27),
(181, 'a10', 0.0728, 27),
(182, 'a11', 0.054, 27),
(183, 'a12', 0.0358, 27),
(184, 'a13', 0.0178, 27),
(185, 'a14', 0, 27),
(186, 'a1', 0.4328, 28),
(187, 'a2', 0.2992, 28),
(188, 'a3', 0.251, 28),
(189, 'a4', 0.2151, 28),
(190, 'a5', 0.1857, 28),
(191, 'a6', 0.1601, 28),
(192, 'a7', 0.1372, 28),
(193, 'a8', 0.1162, 28),
(194, 'a9', 0.0965, 28),
(195, 'a10', 0.0778, 28),
(196, 'a11', 0.0598, 28),
(197, 'a12', 0.0424, 28),
(198, 'a13', 0.0253, 28),
(199, 'a14', 0.0084, 28),
(200, 'a1', 0.4291, 29),
(201, 'a2', 0.2968, 29),
(202, 'a3', 0.2499, 29),
(203, 'a4', 0.215, 29),
(204, 'a5', 0.1864, 29),
(205, 'a6', 0.1616, 29),
(206, 'a7', 0.1395, 29),
(207, 'a8', 0.1192, 29),
(208, 'a9', 0.1002, 29),
(209, 'a10', 0.0822, 29),
(210, 'a11', 0.065, 29),
(211, 'a12', 0.0483, 29),
(212, 'a13', 0.032, 29),
(213, 'a14', 0.0159, 29),
(214, 'a15', 0, 29),
(215, 'a1', 0.4254, 30),
(216, 'a2', 0.2944, 30),
(217, 'a3', 0.2487, 30),
(218, 'a4', 0.2148, 30),
(219, 'a5', 0.187, 30),
(220, 'a6', 0.163, 30),
(221, 'a7', 0.1415, 30),
(222, 'a8', 0.1219, 30),
(223, 'a9', 0.1036, 30),
(224, 'a10', 0.0862, 30),
(225, 'a11', 0.0697, 30),
(226, 'a12', 0.0537, 30),
(227, 'a13', 0.0381, 30),
(228, 'a14', 0.0227, 30),
(229, 'a15', 0.0076, 30),
(230, 'a1', 0.422, 31),
(231, 'a2', 0.2921, 31),
(232, 'a3', 0.2475, 31),
(233, 'a4', 0.2145, 31),
(234, 'a5', 0.1874, 31),
(235, 'a6', 0.1641, 31),
(236, 'a7', 0.1433, 31),
(237, 'a8', 0.1243, 31),
(238, 'a9', 0.1066, 31),
(239, 'a10', 0.0899, 31),
(240, 'a11', 0.0739, 31),
(241, 'a12', 0.0585, 31),
(242, 'a13', 0.0435, 31),
(243, 'a14', 0.0289, 31),
(244, 'a15', 0.0144, 31),
(245, 'a16', 0, 31),
(246, 'a1', 0.4188, 32),
(247, 'a2', 0.2898, 32),
(248, 'a3', 0.2463, 32),
(249, 'a4', 0.2141, 32),
(250, 'a5', 0.1878, 32),
(251, 'a6', 0.1651, 32),
(252, 'a7', 0.1449, 32),
(253, 'a8', 0.1265, 32),
(254, 'a9', 0.1093, 32),
(255, 'a10', 0.0931, 32),
(256, 'a11', 0.0777, 32),
(257, 'a12', 0.0629, 32),
(258, 'a13', 0.0485, 32),
(259, 'a14', 0.0344, 32),
(260, 'a15', 0.0206, 32),
(261, 'a16', 0.0068, 32),
(262, 'a1', 0.4156, 33),
(263, 'a2', 0.2876, 33),
(264, 'a3', 0.2451, 33),
(265, 'a4', 0.2137, 33),
(266, 'a5', 0.188, 33),
(267, 'a6', 0.166, 33),
(268, 'a7', 0.1463, 33),
(269, 'a8', 0.1284, 33),
(270, 'a9', 0.1118, 33),
(271, 'a10', 0.0961, 33),
(272, 'a11', 0.0812, 33),
(273, 'a12', 0.0669, 33),
(274, 'a13', 0.053, 33),
(275, 'a14', 0.0395, 33),
(276, 'a15', 0.0262, 33),
(277, 'a16', 0.0131, 33),
(278, 'a17', 0, 33),
(279, 'a1', 0.4127, 34),
(280, 'a2', 0.2854, 34),
(281, 'a3', 0.2439, 34),
(282, 'a4', 0.2132, 34),
(283, 'a5', 0.1882, 34),
(284, 'a6', 0.1667, 34),
(285, 'a7', 0.1475, 34),
(286, 'a8', 0.1301, 34),
(287, 'a9', 0.114, 34),
(288, 'a10', 0.0988, 34),
(289, 'a11', 0.0844, 34),
(290, 'a12', 0.0706, 34),
(291, 'a13', 0.0572, 34),
(292, 'a14', 0.0441, 34),
(293, 'a15', 0.0314, 34),
(294, 'a16', 0.0187, 34),
(295, 'a17', 0.0062, 34),
(296, 'a1', 0.4096, 35),
(297, 'a2', 0.2834, 35),
(298, 'a3', 0.2427, 35),
(299, 'a4', 0.2127, 35),
(300, 'a5', 0.1883, 35),
(301, 'a6', 0.1673, 35),
(302, 'a7', 0.1487, 35),
(303, 'a8', 0.1317, 35),
(304, 'a9', 0.116, 35),
(305, 'a10', 0.1013, 35),
(306, 'a11', 0.0873, 35),
(307, 'a12', 0.0739, 35),
(308, 'a13', 0.061, 35),
(309, 'a14', 0.0484, 35),
(310, 'a15', 0.0361, 35),
(311, 'a16', 0.0239, 35),
(312, 'a17', 0.0119, 35),
(313, 'a18', 0, 35),
(314, 'a1', 0.4068, 36),
(315, 'a2', 0.2813, 36),
(316, 'a3', 0.2415, 36),
(317, 'a4', 0.2121, 36),
(318, 'a5', 0.1883, 36),
(319, 'a6', 0.1678, 36),
(320, 'a7', 0.1496, 36),
(321, 'a8', 0.1331, 36),
(322, 'a9', 0.1179, 36),
(323, 'a10', 0.1036, 36),
(324, 'a11', 0.09, 36),
(325, 'a12', 0.077, 36),
(326, 'a13', 0.0645, 36),
(327, 'a14', 0.0523, 36),
(328, 'a15', 0.0404, 36),
(329, 'a16', 0.0287, 36),
(330, 'a17', 0.0172, 36),
(331, 'a18', 0.0057, 36),
(332, 'a1', 0.404, 37),
(333, 'a2', 0.2794, 37),
(334, 'a3', 0.2403, 37),
(335, 'a4', 0.2116, 37),
(336, 'a5', 0.1883, 37),
(337, 'a6', 0.1683, 37),
(338, 'a7', 0.1505, 37),
(339, 'a8', 0.1344, 37),
(340, 'a9', 0.1196, 37),
(341, 'a10', 0.1056, 37),
(342, 'a11', 0.0924, 37),
(343, 'a12', 0.0798, 37),
(344, 'a13', 0.0677, 37),
(345, 'a14', 0.0559, 37),
(346, 'a15', 0.0444, 37),
(347, 'a16', 0.0331, 37),
(348, 'a17', 0.022, 37),
(349, 'a18', 0.011, 37),
(350, 'a19', 0, 37),
(351, 'a1', 0.4015, 38),
(352, 'a2', 0.2774, 38),
(353, 'a3', 0.2391, 38),
(354, 'a4', 0.211, 38),
(355, 'a5', 0.1881, 38),
(356, 'a6', 0.1686, 38),
(357, 'a7', 0.1513, 38),
(358, 'a8', 0.1356, 38),
(359, 'a9', 0.1211, 38),
(360, 'a10', 0.1075, 38),
(361, 'a11', 0.0947, 38),
(362, 'a12', 0.0824, 38),
(363, 'a13', 0.0706, 38),
(364, 'a14', 0.0592, 38),
(365, 'a15', 0.0481, 38),
(366, 'a16', 0.0372, 38),
(367, 'a17', 0.0264, 38),
(368, 'a18', 0.0158, 38),
(369, 'a19', 0.0053, 38),
(370, 'a1', 0.3989, 39),
(371, 'a2', 0.2755, 39),
(372, 'a3', 0.238, 39),
(373, 'a4', 0.2105, 39),
(374, 'a5', 0.188, 39),
(375, 'a6', 0.1689, 39),
(376, 'a7', 0.152, 39),
(377, 'a8', 0.1366, 39),
(378, 'a9', 0.1225, 39),
(379, 'a10', 0.1092, 39),
(380, 'a11', 0.0967, 39),
(381, 'a12', 0.0848, 39),
(382, 'a13', 0.0733, 39),
(383, 'a14', 0.0622, 39),
(384, 'a15', 0.0515, 39),
(385, 'a16', 0.0409, 39),
(386, 'a17', 0.0305, 39),
(387, 'a18', 0.0203, 39),
(388, 'a19', 0.0101, 39),
(389, 'a20', 0, 39),
(390, 'a1', 0.3964, 40),
(391, 'a2', 0.2737, 40),
(392, 'a3', 0.2368, 40),
(393, 'a4', 0.2098, 40),
(394, 'a5', 0.1878, 40),
(395, 'a6', 0.1691, 40),
(396, 'a7', 0.1526, 40),
(397, 'a8', 0.1376, 40),
(398, 'a9', 0.1237, 40),
(399, 'a10', 0.1108, 40),
(400, 'a11', 0.0986, 40),
(401, 'a12', 0.087, 40),
(402, 'a13', 0.0759, 40),
(403, 'a14', 0.0651, 40),
(404, 'a15', 0.0546, 40),
(405, 'a16', 0.0444, 40),
(406, 'a17', 0.0343, 40),
(407, 'a18', 0.0244, 40),
(408, 'a19', 0.0146, 40),
(409, 'a20', 0.0049, 40),
(410, 'a1', 0.394, 41),
(411, 'a2', 0.2719, 41),
(412, 'a3', 0.2357, 41),
(413, 'a4', 0.2091, 41),
(414, 'a5', 0.1876, 41),
(415, 'a6', 0.1693, 41),
(416, 'a7', 0.1531, 41),
(417, 'a8', 0.1384, 41),
(418, 'a9', 0.1249, 41),
(419, 'a10', 0.1123, 41),
(420, 'a11', 0.1004, 41),
(421, 'a12', 0.0891, 41),
(422, 'a13', 0.0782, 41),
(423, 'a14', 0.0677, 41),
(424, 'a15', 0.0575, 41),
(425, 'a16', 0.0476, 41),
(426, 'a17', 0.0379, 41),
(427, 'a18', 0.0283, 41),
(428, 'a19', 0.0188, 41),
(429, 'a20', 0.0094, 41),
(430, 'a21', 0, 41),
(431, 'a1', 0.3917, 42),
(432, 'a2', 0.2701, 42),
(433, 'a3', 0.2345, 42),
(434, 'a4', 0.2085, 42),
(435, 'a5', 0.1874, 42),
(436, 'a6', 0.1694, 42),
(437, 'a7', 0.1535, 42),
(438, 'a8', 0.1392, 42),
(439, 'a9', 0.1259, 42),
(440, 'a10', 0.1136, 42),
(441, 'a11', 0.102, 42),
(442, 'a12', 0.0909, 42),
(443, 'a13', 0.0804, 42),
(444, 'a14', 0.0701, 42),
(445, 'a15', 0.0602, 42),
(446, 'a16', 0.0506, 42),
(447, 'a17', 0.0411, 42),
(448, 'a18', 0.0318, 42),
(449, 'a19', 0.0227, 42),
(450, 'a20', 0.0136, 42),
(451, 'a21', 0.0045, 42),
(452, 'a1', 0.3894, 43),
(453, 'a2', 0.2684, 43),
(454, 'a3', 0.2334, 43),
(455, 'a4', 0.2078, 43),
(456, 'a5', 0.1871, 43),
(457, 'a6', 0.1695, 43),
(458, 'a7', 0.1539, 43),
(459, 'a8', 0.1398, 43),
(460, 'a9', 0.1269, 43),
(461, 'a10', 0.1149, 43),
(462, 'a11', 0.1035, 43),
(463, 'a12', 0.0927, 43),
(464, 'a13', 0.0824, 43),
(465, 'a14', 0.0724, 43),
(466, 'a15', 0.0628, 43),
(467, 'a16', 0.0534, 43),
(468, 'a17', 0.0442, 43),
(469, 'a18', 0.0352, 43),
(470, 'a19', 0.0263, 43),
(471, 'a20', 0.0175, 43),
(472, 'a21', 0.0087, 43),
(473, 'a22', 0, 43),
(474, 'a1', 0.3872, 44),
(475, 'a2', 0.2667, 44),
(476, 'a3', 0.2323, 44),
(477, 'a4', 0.2072, 44),
(478, 'a5', 0.1868, 44),
(479, 'a6', 0.1695, 44),
(480, 'a7', 0.1542, 44),
(481, 'a8', 0.1406, 44),
(482, 'a9', 0.1278, 44),
(483, 'a10', 0.116, 44),
(484, 'a11', 0.1049, 44),
(485, 'a12', 0.0943, 44),
(486, 'a13', 0.0842, 44),
(487, 'a14', 0.0745, 44),
(488, 'a15', 0.0651, 44),
(489, 'a16', 0.056, 44),
(490, 'a17', 0.0471, 44),
(491, 'a18', 0.0383, 44),
(492, 'a19', 0.0296, 44),
(493, 'a20', 0.0211, 44),
(494, 'a21', 0.0126, 44),
(495, 'a22', 0.0042, 44),
(496, 'a1', 0.385, 45),
(497, 'a2', 0.2651, 45),
(498, 'a3', 0.2313, 45),
(499, 'a4', 0.2065, 45),
(500, 'a5', 0.1865, 45),
(501, 'a6', 0.1695, 45),
(502, 'a7', 0.1545, 45),
(503, 'a8', 0.141, 45),
(504, 'a9', 0.1286, 45),
(505, 'a10', 0.117, 45),
(506, 'a11', 0.1062, 45),
(507, 'a12', 0.0959, 45),
(508, 'a13', 0.086, 45),
(509, 'a14', 0.0765, 45),
(510, 'a15', 0.0673, 45),
(511, 'a16', 0.0584, 45),
(512, 'a17', 0.0497, 45),
(513, 'a18', 0.0412, 45),
(514, 'a19', 0.0328, 45),
(515, 'a20', 0.0245, 45),
(516, 'a21', 0.0163, 45),
(517, 'a22', 0.0081, 45),
(518, 'a23', 0, 45),
(519, 'a1', 0.383, 46),
(520, 'a2', 0.2635, 46),
(521, 'a3', 0.2301, 46),
(522, 'a4', 0.2058, 46),
(523, 'a5', 0.1862, 46),
(524, 'a6', 0.1695, 46),
(525, 'a7', 0.1548, 46),
(526, 'a8', 0.1415, 46),
(527, 'a9', 0.1293, 46),
(528, 'a10', 0.118, 46),
(529, 'a11', 0.1073, 46),
(530, 'a12', 0.0972, 46),
(531, 'a13', 0.0876, 46),
(532, 'a14', 0.0783, 46),
(533, 'a15', 0.0694, 46),
(534, 'a16', 0.0607, 46),
(535, 'a17', 0.0522, 46),
(536, 'a18', 0.0439, 46),
(537, 'a19', 0.0357, 46),
(538, 'a20', 0.0277, 46),
(539, 'a21', 0.0197, 46),
(540, 'a22', 0.0118, 46),
(541, 'a23', 0.0039, 46),
(542, 'a1', 0.3808, 47),
(543, 'a2', 0.262, 47),
(544, 'a3', 0.2291, 47),
(545, 'a4', 0.2052, 47),
(546, 'a5', 0.1859, 47),
(547, 'a6', 0.1695, 47),
(548, 'a7', 0.155, 47),
(549, 'a8', 0.142, 47),
(550, 'a9', 0.13, 47),
(551, 'a10', 0.1189, 47),
(552, 'a11', 0.1085, 47),
(553, 'a12', 0.0986, 47),
(554, 'a13', 0.0892, 47),
(555, 'a14', 0.0801, 47),
(556, 'a15', 0.0713, 47),
(557, 'a16', 0.0628, 47),
(558, 'a17', 0.0546, 47),
(559, 'a18', 0.0465, 47),
(560, 'a19', 0.0385, 47),
(561, 'a20', 0.0307, 47),
(562, 'a21', 0.0229, 47),
(563, 'a22', 0.0153, 47),
(564, 'a23', 0.0076, 47),
(565, 'a24', 0, 47),
(566, 'a1', 0.3789, 48),
(567, 'a2', 0.2604, 48),
(568, 'a3', 0.2281, 48),
(569, 'a4', 0.2045, 48),
(570, 'a5', 0.1855, 48),
(571, 'a6', 0.1693, 48),
(572, 'a7', 0.1551, 48),
(573, 'a8', 0.1423, 48),
(574, 'a9', 0.1306, 48),
(575, 'a10', 0.1197, 48),
(576, 'a11', 0.1095, 48),
(577, 'a12', 0.0998, 48),
(578, 'a13', 0.0906, 48),
(579, 'a14', 0.0817, 48),
(580, 'a15', 0.0731, 48),
(581, 'a16', 0.0648, 48),
(582, 'a17', 0.0568, 48),
(583, 'a18', 0.0489, 48),
(584, 'a19', 0.0411, 48),
(585, 'a20', 0.0335, 48),
(586, 'a21', 0.0259, 48),
(587, 'a22', 0.0185, 48),
(588, 'a23', 0.0111, 48),
(589, 'a24', 0.0037, 48),
(590, 'a1', 0.377, 49),
(591, 'a2', 0.2589, 49),
(592, 'a3', 0.2271, 49),
(593, 'a4', 0.2038, 49),
(594, 'a5', 0.1851, 49),
(595, 'a6', 0.1692, 49),
(596, 'a7', 0.1553, 49),
(597, 'a8', 0.1427, 49),
(598, 'a9', 0.1312, 49),
(599, 'a10', 0.1205, 49),
(600, 'a11', 0.1105, 49),
(601, 'a12', 0.101, 49),
(602, 'a13', 0.0919, 49),
(603, 'a14', 0.0832, 49),
(604, 'a15', 0.0748, 49),
(605, 'a16', 0.0667, 49),
(606, 'a17', 0.0588, 49),
(607, 'a18', 0.0511, 49),
(608, 'a19', 0.0436, 49),
(609, 'a20', 0.0361, 49),
(610, 'a21', 0.0288, 49),
(611, 'a22', 0.0215, 49),
(612, 'a23', 0.0143, 49),
(613, 'a24', 0.0071, 49),
(614, 'a25', 0, 49),
(615, 'a1', 0.3751, 50),
(616, 'a2', 0.2574, 50),
(617, 'a3', 0.226, 50),
(618, 'a4', 0.2031, 50),
(619, 'a5', 0.1847, 50),
(620, 'a6', 0.1691, 50),
(621, 'a7', 0.1554, 50),
(622, 'a8', 0.143, 50),
(623, 'a9', 0.1317, 50),
(624, 'a10', 0.1212, 50),
(625, 'a11', 0.1113, 50),
(626, 'a12', 0.102, 50),
(627, 'a13', 0.0932, 50),
(628, 'a14', 0.0846, 50),
(629, 'a15', 0.0764, 50),
(630, 'a16', 0.0685, 50),
(631, 'a17', 0.0608, 50),
(632, 'a18', 0.0532, 50),
(633, 'a19', 0.0459, 50),
(634, 'a20', 0.0386, 50),
(635, 'a21', 0.0314, 50),
(636, 'a22', 0.0244, 50),
(637, 'a23', 0.0174, 50),
(638, 'a24', 0.0104, 50),
(639, 'a25', 0.0035, 50);

-- --------------------------------------------------------

--
-- Struktur dari tabel `tcf`
--

CREATE TABLE IF NOT EXISTS `tcf` (
`id_tcf` int(11) NOT NULL,
  `id_temp` int(11) NOT NULL,
  `t1` varchar(5) DEFAULT NULL,
  `t2` varchar(5) DEFAULT NULL,
  `t3` varchar(5) DEFAULT NULL,
  `t4` varchar(5) DEFAULT NULL,
  `t5` varchar(5) DEFAULT NULL,
  `t6` varchar(5) DEFAULT NULL,
  `t7` varchar(5) DEFAULT NULL,
  `t8` varchar(5) DEFAULT NULL,
  `t9` varchar(5) DEFAULT NULL,
  `t10` varchar(5) DEFAULT NULL,
  `t11` varchar(5) DEFAULT NULL,
  `t12` varchar(5) DEFAULT NULL,
  `t13` varchar(5) DEFAULT NULL,
  `total` varchar(5) NOT NULL,
  `rumus` varchar(5) NOT NULL COMMENT '0.6 + (hasil/100)'
) ENGINE=InnoDB AUTO_INCREMENT=3 DEFAULT CHARSET=latin1;

--
-- Dumping data untuk tabel `tcf`
--

INSERT INTO `tcf` (`id_tcf`, `id_temp`, `t1`, `t2`, `t3`, `t4`, `t5`, `t6`, `t7`, `t8`, `t9`, `t10`, `t11`, `t12`, `t13`, `total`, `rumus`) VALUES
(1, 3, '0.2', '0.1', '0.2', '0.2', '0.3', '0.2', '0.2', '0.4', '1', '0.1', '0.2', '0.3', '0.3', '3.7', '0.637'),
(2, 4, '0.2', '0.1', '0.1', '0.1', '0.3', '0.1', '0.15', '0.8', '0.3', '0.2', '0.4', '0.4', '0.1', '3.3', '0.632');

-- --------------------------------------------------------

--
-- Struktur dari tabel `temp_proyek`
--

CREATE TABLE IF NOT EXISTS `temp_proyek` (
`id_temp` int(11) NOT NULL,
  `nama_proyek` varchar(50) NOT NULL,
  `id_pengguna` varchar(20) NOT NULL,
  `uaw` int(11) NOT NULL,
  `uucw` int(11) NOT NULL,
  `uucp` int(11) NOT NULL,
  `tcf` float NOT NULL,
  `ef` float NOT NULL,
  `ucp` float NOT NULL,
  `effort_rate` float NOT NULL,
  `create_date` varchar(45) NOT NULL
) ENGINE=InnoDB AUTO_INCREMENT=6 DEFAULT CHARSET=latin1;

--
-- Dumping data untuk tabel `temp_proyek`
--

INSERT INTO `temp_proyek` (`id_temp`, `nama_proyek`, `id_pengguna`, `uaw`, `uucw`, `uucp`, `tcf`, `ef`, `ucp`, `effort_rate`, `create_date`) VALUES
(1, 'Proyek 1', '1500018003', 0, 0, 0, 0, 0, 0, 3.68, '2018-10-29 23:08:57'),
(2, 'Proyek 2', '1500018003', 0, 0, 0, 0, 0, 0, 0, '2018-10-29 23:16:20'),
(3, 'Proyek 3', '1500018003', 14, 5, 19, 0.637, 1.383, 16.738, 3.68, '2018-10-29 23:16:46'),
(4, 'dsa', '1500018003', 1, 5, 6, 0.632, 1.316, 4.99, 3.68, '2018-10-29 23:58:48'),
(5, 'asdsa', '1500018003', 14, 5, 19, 0, 0, 0, 3.68, '2018-12-10 08:10:33');

-- --------------------------------------------------------

--
-- Struktur dari tabel `uaw`
--

CREATE TABLE IF NOT EXISTS `uaw` (
`id_uaw` int(11) NOT NULL,
  `id_temp` int(11) NOT NULL,
  `simple` int(11) NOT NULL,
  `medium` int(11) NOT NULL,
  `complex` int(11) NOT NULL,
  `total` int(11) NOT NULL
) ENGINE=InnoDB AUTO_INCREMENT=4 DEFAULT CHARSET=latin1;

--
-- Dumping data untuk tabel `uaw`
--

INSERT INTO `uaw` (`id_uaw`, `id_temp`, `simple`, `medium`, `complex`, `total`) VALUES
(1, 3, 1, 4, 9, 14),
(2, 4, 1, 0, 0, 1),
(3, 5, 1, 4, 9, 14);

-- --------------------------------------------------------

--
-- Struktur dari tabel `uji_korelasi`
--

CREATE TABLE IF NOT EXISTS `uji_korelasi` (
`id_uji_korelasi` int(11) NOT NULL,
  `id_temp` int(11) NOT NULL,
  `multiple_r` float NOT NULL,
  `r_square` float NOT NULL,
  `keterangan` varchar(50) NOT NULL
) ENGINE=InnoDB AUTO_INCREMENT=5 DEFAULT CHARSET=latin1;

--
-- Dumping data untuk tabel `uji_korelasi`
--

INSERT INTO `uji_korelasi` (`id_uji_korelasi`, `id_temp`, `multiple_r`, `r_square`, `keterangan`) VALUES
(1, 1, 0.979, 0.958, 'Korelasi sangat kuat'),
(2, 3, 0.979, 0.958, 'Korelasi sangat kuat'),
(3, 4, 0.979, 0.958, 'Korelasi sangat kuat'),
(4, 5, 0.979, 0.958, 'Korelasi sangat kuat');

-- --------------------------------------------------------

--
-- Struktur dari tabel `uji_normalitas_k`
--

CREATE TABLE IF NOT EXISTS `uji_normalitas_k` (
`id_uji_normalitas_k` int(11) NOT NULL,
  `id_temp` int(11) NOT NULL,
  `n_sampel` int(11) NOT NULL,
  `mean` float NOT NULL,
  `simpangan_baku` float NOT NULL,
  `dn` float NOT NULL,
  `ks_tabel` float NOT NULL,
  `kesimpulan` varchar(20) NOT NULL
) ENGINE=InnoDB DEFAULT CHARSET=latin1;

-- --------------------------------------------------------

--
-- Struktur dari tabel `uji_normalitas_s`
--

CREATE TABLE IF NOT EXISTS `uji_normalitas_s` (
`id_uji_normalitas_s` int(11) NOT NULL,
  `id_temp` int(11) NOT NULL,
  `n_sampel` int(11) NOT NULL,
  `nilai_ucp` float NOT NULL,
  `mean_ucp` float NOT NULL,
  `ss_ucp` float NOT NULL,
  `b_ucp` float NOT NULL,
  `bpss_ucp` float NOT NULL,
  `p1_ucp` float NOT NULL,
  `nilai_p1_ucp` float NOT NULL,
  `p2_ucp` float NOT NULL,
  `nilai_p2_ucp` float NOT NULL,
  `p_value_ucp` float NOT NULL,
  `nilai_effort` float NOT NULL,
  `mean_effort` float NOT NULL,
  `ss_effort` float NOT NULL,
  `b_effort` float NOT NULL,
  `bpss_effort` float NOT NULL,
  `p1_effort` float NOT NULL,
  `nilai_p1_effort` float NOT NULL,
  `p2_effort` float NOT NULL,
  `nilai_p2_effort` float NOT NULL,
  `p_value_effort` float NOT NULL,
  `kesimpulan` varchar(20) NOT NULL
) ENGINE=InnoDB AUTO_INCREMENT=5 DEFAULT CHARSET=latin1;

--
-- Dumping data untuk tabel `uji_normalitas_s`
--

INSERT INTO `uji_normalitas_s` (`id_uji_normalitas_s`, `id_temp`, `n_sampel`, `nilai_ucp`, `mean_ucp`, `ss_ucp`, `b_ucp`, `bpss_ucp`, `p1_ucp`, `nilai_p1_ucp`, `p2_ucp`, `nilai_p2_ucp`, `p_value_ucp`, `nilai_effort`, `mean_effort`, `ss_effort`, `b_effort`, `bpss_effort`, `p1_effort`, `nilai_p1_effort`, `p2_effort`, `nilai_p2_effort`, `p_value_effort`, `kesimpulan`) VALUES
(1, 1, 3, 801, 267, 23918, 143.541, 0.861, 0.1, 0.789, 0.5, 0.959, 0.270465, 7159, 2386.33, 337945, 521.133, 0.804, 0.1, 0.96, 0.1, 0.96, 0.134401, 'Normal'),
(2, 3, 3, 801, 267, 23918, 143.541, 0.861, 0.1, 0.789, 0.5, 0.959, 0.270465, 7159, 2386.33, 337945, 521.133, 0.804, 0.1, 0.96, 0.1, 0.96, 0.134401, 'Normal'),
(3, 4, 3, 801, 267, 23918, 143.541, 0.861, 0.1, 0.789, 0.5, 0.959, 0.270465, 7159, 2386.33, 337945, 521.133, 0.804, 0.1, 0.96, 0.1, 0.96, 0.134401, 'Normal'),
(4, 5, 3, 801, 267, 23918, 143.541, 0.861, 0.1, 0.789, 0.5, 0.959, 0.270465, 7159, 2386.33, 337945, 521.133, 0.804, 0.1, 0.96, 0.1, 0.96, 0.134401, 'Normal');

-- --------------------------------------------------------

--
-- Struktur dari tabel `uji_regresi`
--

CREATE TABLE IF NOT EXISTS `uji_regresi` (
`id_uji_regresi` int(11) NOT NULL,
  `id_temp` int(11) NOT NULL,
  `nilai_f` float NOT NULL,
  `ucp1` float NOT NULL,
  `effort1` float NOT NULL,
  `ucp2` float NOT NULL,
  `effort2` float NOT NULL,
  `selisiheffort` float NOT NULL,
  `selisihucp` float NOT NULL,
  `effort_rate` float NOT NULL
) ENGINE=InnoDB AUTO_INCREMENT=5 DEFAULT CHARSET=latin1;

--
-- Dumping data untuk tabel `uji_regresi`
--

INSERT INTO `uji_regresi` (`id_uji_regresi`, `id_temp`, `nilai_f`, `ucp1`, `effort1`, `ucp2`, `effort2`, `selisiheffort`, `selisihucp`, `effort_rate`) VALUES
(1, 1, 22.7354, 392, 2846.19, 801, 4350.85, 409, 1504.65, 3.68),
(2, 3, 22.7354, 392, 2846.19, 801, 4350.85, 409, 1504.65, 3.68),
(3, 4, 22.7354, 392, 2846.19, 801, 4350.85, 409, 1504.65, 3.68),
(4, 5, 22.7354, 392, 2846.19, 801, 4350.85, 409, 1504.65, 3.68);

-- --------------------------------------------------------

--
-- Struktur dari tabel `uucw`
--

CREATE TABLE IF NOT EXISTS `uucw` (
`id_uucw` int(11) NOT NULL,
  `id_temp` int(11) NOT NULL,
  `simple` int(11) NOT NULL,
  `medium` int(11) NOT NULL,
  `complex` int(11) NOT NULL,
  `total` int(11) NOT NULL
) ENGINE=InnoDB AUTO_INCREMENT=4 DEFAULT CHARSET=latin1;

--
-- Dumping data untuk tabel `uucw`
--

INSERT INTO `uucw` (`id_uucw`, `id_temp`, `simple`, `medium`, `complex`, `total`) VALUES
(1, 3, 5, 0, 0, 5),
(2, 4, 5, 0, 0, 5),
(3, 5, 5, 0, 0, 5);

--
-- Indexes for dumped tables
--

--
-- Indexes for table `admin`
--
ALTER TABLE `admin`
 ADD PRIMARY KEY (`username`);

--
-- Indexes for table `dataset_proyek`
--
ALTER TABLE `dataset_proyek`
 ADD PRIMARY KEY (`id_dataset`);

--
-- Indexes for table `durasi`
--
ALTER TABLE `durasi`
 ADD PRIMARY KEY (`id_durasi`);

--
-- Indexes for table `ef`
--
ALTER TABLE `ef`
 ADD PRIMARY KEY (`id_ef`);

--
-- Indexes for table `gaji`
--
ALTER TABLE `gaji`
 ADD PRIMARY KEY (`id_gaji`);

--
-- Indexes for table `jabatan`
--
ALTER TABLE `jabatan`
 ADD PRIMARY KEY (`id_jabatan`);

--
-- Indexes for table `klasifikasi_fucp`
--
ALTER TABLE `klasifikasi_fucp`
 ADD PRIMARY KEY (`id_klasifikasi`);

--
-- Indexes for table `pengguna`
--
ALTER TABLE `pengguna`
 ADD PRIMARY KEY (`id_pengguna`);

--
-- Indexes for table `proyek_lama`
--
ALTER TABLE `proyek_lama`
 ADD PRIMARY KEY (`kode_proyek`);

--
-- Indexes for table `rentang`
--
ALTER TABLE `rentang`
 ADD PRIMARY KEY (`id_rentang`);

--
-- Indexes for table `setting_value`
--
ALTER TABLE `setting_value`
 ADD PRIMARY KEY (`id_setting`);

--
-- Indexes for table `sub_uucw`
--
ALTER TABLE `sub_uucw`
 ADD PRIMARY KEY (`id_sub_uucw`);

--
-- Indexes for table `tabel_p_value`
--
ALTER TABLE `tabel_p_value`
 ADD PRIMARY KEY (`id_p_value`);

--
-- Indexes for table `tabel_saphiro`
--
ALTER TABLE `tabel_saphiro`
 ADD PRIMARY KEY (`id_saphiro`);

--
-- Indexes for table `tcf`
--
ALTER TABLE `tcf`
 ADD PRIMARY KEY (`id_tcf`);

--
-- Indexes for table `temp_proyek`
--
ALTER TABLE `temp_proyek`
 ADD PRIMARY KEY (`id_temp`);

--
-- Indexes for table `uaw`
--
ALTER TABLE `uaw`
 ADD PRIMARY KEY (`id_uaw`);

--
-- Indexes for table `uji_korelasi`
--
ALTER TABLE `uji_korelasi`
 ADD PRIMARY KEY (`id_uji_korelasi`);

--
-- Indexes for table `uji_normalitas_k`
--
ALTER TABLE `uji_normalitas_k`
 ADD PRIMARY KEY (`id_uji_normalitas_k`);

--
-- Indexes for table `uji_normalitas_s`
--
ALTER TABLE `uji_normalitas_s`
 ADD PRIMARY KEY (`id_uji_normalitas_s`);

--
-- Indexes for table `uji_regresi`
--
ALTER TABLE `uji_regresi`
 ADD PRIMARY KEY (`id_uji_regresi`);

--
-- Indexes for table `uucw`
--
ALTER TABLE `uucw`
 ADD PRIMARY KEY (`id_uucw`);

--
-- AUTO_INCREMENT for dumped tables
--

--
-- AUTO_INCREMENT for table `dataset_proyek`
--
ALTER TABLE `dataset_proyek`
MODIFY `id_dataset` int(11) NOT NULL AUTO_INCREMENT,AUTO_INCREMENT=13;
--
-- AUTO_INCREMENT for table `durasi`
--
ALTER TABLE `durasi`
MODIFY `id_durasi` int(11) NOT NULL AUTO_INCREMENT,AUTO_INCREMENT=2;
--
-- AUTO_INCREMENT for table `ef`
--
ALTER TABLE `ef`
MODIFY `id_ef` int(11) NOT NULL AUTO_INCREMENT,AUTO_INCREMENT=3;
--
-- AUTO_INCREMENT for table `jabatan`
--
ALTER TABLE `jabatan`
MODIFY `id_jabatan` int(11) NOT NULL AUTO_INCREMENT,AUTO_INCREMENT=4;
--
-- AUTO_INCREMENT for table `klasifikasi_fucp`
--
ALTER TABLE `klasifikasi_fucp`
MODIFY `id_klasifikasi` int(11) NOT NULL AUTO_INCREMENT,AUTO_INCREMENT=13;
--
-- AUTO_INCREMENT for table `rentang`
--
ALTER TABLE `rentang`
MODIFY `id_rentang` int(11) NOT NULL AUTO_INCREMENT,AUTO_INCREMENT=6;
--
-- AUTO_INCREMENT for table `setting_value`
--
ALTER TABLE `setting_value`
MODIFY `id_setting` int(11) NOT NULL AUTO_INCREMENT,AUTO_INCREMENT=2;
--
-- AUTO_INCREMENT for table `sub_uucw`
--
ALTER TABLE `sub_uucw`
MODIFY `id_sub_uucw` int(11) NOT NULL AUTO_INCREMENT,AUTO_INCREMENT=5;
--
-- AUTO_INCREMENT for table `tabel_p_value`
--
ALTER TABLE `tabel_p_value`
MODIFY `id_p_value` int(11) NOT NULL AUTO_INCREMENT,AUTO_INCREMENT=433;
--
-- AUTO_INCREMENT for table `tabel_saphiro`
--
ALTER TABLE `tabel_saphiro`
MODIFY `id_saphiro` int(11) NOT NULL AUTO_INCREMENT,AUTO_INCREMENT=640;
--
-- AUTO_INCREMENT for table `tcf`
--
ALTER TABLE `tcf`
MODIFY `id_tcf` int(11) NOT NULL AUTO_INCREMENT,AUTO_INCREMENT=3;
--
-- AUTO_INCREMENT for table `temp_proyek`
--
ALTER TABLE `temp_proyek`
MODIFY `id_temp` int(11) NOT NULL AUTO_INCREMENT,AUTO_INCREMENT=6;
--
-- AUTO_INCREMENT for table `uaw`
--
ALTER TABLE `uaw`
MODIFY `id_uaw` int(11) NOT NULL AUTO_INCREMENT,AUTO_INCREMENT=4;
--
-- AUTO_INCREMENT for table `uji_korelasi`
--
ALTER TABLE `uji_korelasi`
MODIFY `id_uji_korelasi` int(11) NOT NULL AUTO_INCREMENT,AUTO_INCREMENT=5;
--
-- AUTO_INCREMENT for table `uji_normalitas_k`
--
ALTER TABLE `uji_normalitas_k`
MODIFY `id_uji_normalitas_k` int(11) NOT NULL AUTO_INCREMENT;
--
-- AUTO_INCREMENT for table `uji_normalitas_s`
--
ALTER TABLE `uji_normalitas_s`
MODIFY `id_uji_normalitas_s` int(11) NOT NULL AUTO_INCREMENT,AUTO_INCREMENT=5;
--
-- AUTO_INCREMENT for table `uji_regresi`
--
ALTER TABLE `uji_regresi`
MODIFY `id_uji_regresi` int(11) NOT NULL AUTO_INCREMENT,AUTO_INCREMENT=5;
--
-- AUTO_INCREMENT for table `uucw`
--
ALTER TABLE `uucw`
MODIFY `id_uucw` int(11) NOT NULL AUTO_INCREMENT,AUTO_INCREMENT=4;
/*!40101 SET CHARACTER_SET_CLIENT=@OLD_CHARACTER_SET_CLIENT */;
/*!40101 SET CHARACTER_SET_RESULTS=@OLD_CHARACTER_SET_RESULTS */;
/*!40101 SET COLLATION_CONNECTION=@OLD_COLLATION_CONNECTION */;
